Test_MSE,Test_RMSE,Test_MAE,Test_R2
31840.657382199817,178.4395062260592,132.8936991372566,0.949699165060834
